date,keyword,rank
2026-07-25,webdesign badhoevedorp,not_found
2026-07-25,website laten maken badhoevedorp,not_found
2026-07-25,website laten maken amsterdam,not_found
2026-07-25,webaware,1
2026-07-25,website laten maken zzp,not_found
2026-07-25,zzp website laten maken,not_found
2026-07-25,webdesigner amsterdam,44
2026-07-25,webdesign amsterdam,not_found
2026-07-25,website laten maken badhoevedorp,6
2026-07-25,website laten maken weesp,17
2026-07-25,webdesigner weesp,20
2026-07-25,webdesigner badhoevedorp,3
2026-07-25,website laten maken amsterdam,not_found
2026-07-25,website laten maken almere,7
2026-07-25,webdesign almere,21
2026-07-25,webdesigner almere,18
2026-07-25,webdesign badhoevedorp,5
2026-07-25,webdesign weesp,23
2026-07-25,website laten maken haarlem,17
2026-07-25,webdesigner haarlem,20
2026-07-25,webdesign haarlem,32
2026-07-25,zakelijke website laten maken,not_found
2026-07-25,webdesign bureau amsterdam,not_found
2026-07-25,500 internal server error wordpress oorzaak,not_found
2026-07-25,Heeft een premium SEO plugin voor WordPress zin,not_found
2026-07-25,ACF Velden Worden Niet Getoond op de Voorkant,not_found
2026-07-25,website laten maken amstelveen,9
2026-07-25,website laten maken haarlemmermeer,not_found
2026-07-25,Website laten maken Noord-Holland,not_found
2026-07-25,Kritieke fout opgetreden wordpress oplossen,12
2026-07-25,Afbeeldingen alt tags automatisch toevoegen wordpress,not_found
2026-07-25,Activiteitenlogboek bijhouden wordpress gebruikers,not_found
2026-07-25,Activecampaign koppelen aan wordpress voor automatisering,not_found
2026-07-25,Webdesign Amersfoort,not_found
2026-07-25,Webdesign Utrecht,not_found
2026-07-25,Webdesign Zuid-Holland,not_found
2026-07-25,Webdesign Den Haag,not_found
2026-07-25,Webdesign Enschede,not_found
2026-07-25,Webdesign Arnhem,not_found
2026-07-25,Webdesign Apeldoorn,not_found
2026-07-25,Webdesign Nijmegen,not_found
2026-07-25,Webdesign Breda,not_found
2026-07-25,Webdesign Tilburg,not_found
2026-07-25,Webdesign Groningen,not_found
2026-07-25,Webdesign Eindhoven,not_found
2026-07-25,Webdesign Rotterdam,not_found
2026-07-25,Webdesign Zwolle,not_found
2026-07-25,Website laten maken Leiden,9
2026-07-25,Website laten maken Purmerend,13
2026-07-25,WordPress dashboard leeg of wit,2
2026-07-25,WordPress foutmelding rode balk,not_found
2026-07-25,Foutmelding 500 wordpress na update,6
2026-07-25,Link is verlopen wordpress uploaden,not_found
2026-07-25,Map kan niet worden aangemaakt wordpress,not_found
2026-07-25,Maximum execution time exceeded wordpress,not_found
2026-07-25,Geheugenlimiet bereikt wordpress verhogen,2
2026-07-25,Json fout wordpress oplossen,4
2026-07-25,Geblokkeerd op eigen wordpress website,3
2026-07-25,Malware verwijderen wordpress,not_found
2026-07-25,WordPress site gehackt wat nu,not_found
2026-07-25,Wachtwoord vergeten wordpress geen mail,not_found
2026-07-25,Inloggen wordpress lukt niet,not_found
2026-07-25,WordPress admin pagina laadt niet,7
2026-07-25,WordPress onderhoudsmodus blijft hangen,not_found
2026-07-25,Database verbinding mislukt wordpress fix,3
2026-07-25,White screen of death wordpress herstellen,not_found
2026-07-25,Heeft een premium SEO plugin voor WordPress zin?,not_found
2026-07-25,Website beheer,not_found
